condition,mean_fitness,mean_distance,mean_variance,survival_rate,n_survived,n_total
naive,0.1551667355947705,0.4166880458723584,0.001653583027889143,0.65,13,20
pre_adapted,0.053967616927870554,0.505670226232126,0.0015346276263418042,0.3,6,20
