variant,condition,mean_fitness,mean_distance,mean_variance,mean_n_parents,mean_median_offspring,mean_max_offspring,survival_rate,n_survived,n_total
no_noise,baseline,0.02725652175072405,0.5471967567095108,0.0012839943123957942,63.44500000000001,1.0659239130434783,4.223695652173913,1.0,20,20
no_noise,naive_flood,0.333908014265267,0.29862140659904207,0.0011898161630910643,63.385322909348666,1.0641532755795817,4.241656583737987,0.75,15,20
no_noise,pre_adapted_flood,0.1716033692923566,0.4139879735379356,0.0013316982829941035,63.08148798932384,1.0807070729537367,4.259786032028471,0.35,7,20
with_noise,baseline,0.016495917651443988,0.5790634895639302,0.0008645657768896635,63.35912907478731,1.0655821813266555,4.233995021886075,0.3,6,20
with_noise,naive_flood,0.3869882744980196,0.274385760458444,0.0013367482371067824,63.40375007404818,1.0650754258817636,4.237293250612563,0.8,16,20
with_noise,pre_adapted_flood,0.26270803274100457,0.3497305042151747,0.0014414578537674239,62.89458668658568,1.0985066703045703,4.1684951048601455,0.5,10,20
