condition,mean_fitness,mean_distance,mean_variance,survival_rate,n_survived,n_total
naive,0.6469404780531542,0.16928562218251897,0.0018024816045928648,0.0,0,20
pre_adapted,0.17106533427273923,0.3987736190318907,0.0013822726915136137,0.0,0,20
